Designator,Footprint,Quantity,Value,LCSC Part #
"ACC_RAIL_JP1, BATTMEASURE_JP1, FREQOUT_JP1, LDO_JP1, TEMP_SCL_JP1, TEMP_SDA_JP1, VBAT_OK1",SolderJumper-2_P1.3mm_Bridged_RoundedPad1.0x1.5mm,7,SolderJumper_2_Bridged,
AE1,PinHeader_1x01_P2.54mm_Vertical,1,T1-915M Antenna,C726086
"BOOT1, EN1",SW_Push_1P1T_XKB_TS-1187A,2,SW_Push,
BT1,JST_EH_S2B-EH_1x02_P2.50mm_Horizontal,1,Battery_Cell,
C1,0805,1,.1u,
"C2, C6",0805,2,12pF/50V,
C3,0805,1,.01uF,
C5,0805,1,10u,
C7,0805,1,100nF,
C8,0805,1,10n,
C9,0805,1,100n,
C_FLTR1,0805,1,.1uF,
"C_HVR1, C_STOR1",0805,2,4.7uF,
J1,USB_C_Receptacle_HRO_TYPE-C-31-M-12,1,USB_C_Receptacle,C5329561
LDR1,PinHeader_1x02_P2.54mm_Horizontal,1,R_Photo 50k-100k,
L_BST1,0805,1,22uH,
R10,0805,1,360k,
R4,0805,1,270k,
R5,0805,1,10k,
R6,0805,1,5.1k,
R7,0805,1,820k,
R8,0805,1,1M,
R_OC+10,0805,1,10M,
R_OC_1,0805,1,5.76M,
R_OC_2,0805,1,4.12M,
R_OK_1,0805,1,3.57M,
"R_OK_2, R_UV_2",0805,2,6.19M,
R_OK_3,0805,1,.143M,
R_OV_1,0805,1,4.42M,
R_OV_2,0805,1,5.36M,
R_UV_1,0805,1,3.74M,
SC1,PinHeader_1x02_P2.54mm_Horizontal,1,Solar_Cell,
U1,QFN-48-1EP_7x7mm_P0.5mm_EP5.3x5.3mm,1,ESP32-PICO-D4,
"U10, U3",SOT-23-5,2,TLV73333PDBV,
U2,VQFN-16-1EP_3x3mm_P0.5mm_EP1.68x1.68mm,1,BQ25504,
U4,HOPERF_RFM9XW_SMD,1,RFM95W-915S2,
U5,MSOP-10_3x3mm_P0.5mm,1,CH340E,
U6,SOIC-8_3.9x4.9mm_P1.27mm,1,TLC555xD,
U7,Texas_PWSON-N6,1,HDC1080,
"U8, U9",SOT-23-6,2,AP2281-1WG-7,
"USB//OFF1, USB//SOLAR1",SW_SPDT_PCM12,2,SW_DPDT_x2,
Y2,Crystal_SMD_MicroCrystal_CM9V-T1A-2Pin_1.6x1.0mm,1,32.768kHz,
