Designator,Footprint,Quantity,Value,LCSC Part #
AE1,MountingHole_2.7mm_M2.5_DIN965_Pad_TopBottom,1,T1-915M Antenna,
BT1,BatteryHolder_Keystone_1060_1x2032,1,Battery_Cell,
C1,0805,1,.1u,
"C2, C6",0805,2,12pF/50V,
C3,0805,1,4.7u,
C4,0805,1,1u,
C5,0805,1,10u,
C7,0805,1,100nF,
C8,0805,1,10n,
C9,0805,1,100n,
"CHG1, PGOOD1",0805,2,LED,
CLK1,PinSocket_1x02_P2.54mm_Vertical,1,Conn_01x02_Pin,
"GND1, VCC1",PinSocket_1x03_P2.54mm_Vertical,2,Conn_01x03_Pin,
J1,USB_C_Receptacle_JAE_DX07S016JA1R1500,1,USB_C_Receptacle,
J2,PinSocket_1x12_P2.54mm_Vertical,1,Conn_01x12_Pin,
"ONOFF1, SW3",SW_SPDT_PCM12,2,SW_DPDT_x2,
R1,0805,1,1.18k,
R2,0805,1,1.13k,
"R3, R4, R5",0805,3,10k,
R6,0805,1,5.1k,
R7,0805,1,4.7k,
R8,0805,1,1M,
SC1,PinHeader_1x02_P2.54mm_Vertical,1,Solar_Cell,
SW1,SW_Push_1P1T_XKB_TS-1187A,1,SW_Push,
U1,QFN-48-1EP_7x7mm_P0.5mm_EP5.3x5.3mm,1,ESP32-PICO-D4,
U2,VQFN-16-1EP_3x3mm_P0.5mm_EP1.6x1.6mm,1,BQ24075RGT,
U3,SOT-223-3_TabPin2,1,UA78M33,
U4,HOPERF_RFM9XW_SMD,1,RFM95W-915S2,
U5,MSOP-10_3x3mm_P0.5mm,1,CH340E,
U6,SOIC-8_3.9x4.9mm_P1.27mm,1,TLC555xD,
Y2,Crystal_SMD_MicroCrystal_CM9V-T1A-2Pin_1.6x1.0mm,1,32.768kHz,
