Designator,Footprint,Quantity,Value,LCSC Part #
AE1,PinHeader_1x01_P2.54mm_Vertical,1,T1-915M Antenna,C726086
"BOOT1, EN1",SW_Push_1P1T_XKB_TS-1187A,2,SW_Push,
BT1,BatteryHolder_Keystone_1060_1x2032,1,Battery_Cell,
C1,0805,1,.1u,
"C2, C6",0805,2,12pF/50V,
C3,0805,1,4.7u,
C4,0805,1,1u,
C5,0805,1,10u,
C7,0805,1,100nF,
C8,0805,1,10n,
C9,0805,1,100n,
"CHG1, PGOOD1",0805,2,LED,
CLK1,PinSocket_1x02_P2.54mm_Vertical,1,Conn_01x02_Pin,
"GND1, VCC1",PinSocket_1x03_P2.54mm_Vertical,2,Conn_01x03_Pin,
J1,USB_C_Receptacle_HRO_TYPE-C-31-M-12,1,USB_C_Receptacle,C5329561
J2,PinSocket_1x12_P2.54mm_Vertical,1,Conn_01x12_Pin,
LDR1,PinHeader_1x02_P2.54mm_Horizontal,1,R_Photo 50k-100k,
"ONOFF1, SW3, USB//OFF1",SW_SPDT_PCM12,3,SW_DPDT_x2,
"Q1, Q3",TSOT-23,2,NPN,
R1,0805,1,1.18k,
R10,0805,1,360k,
R2,0805,1,1.13k,
"R3, R5",0805,2,10k,
R4,0805,1,270k,
R6,0805,1,5.1k,
R7,0805,1,820k,
R8,0805,1,1M,
SC1,PinHeader_1x02_P2.54mm_Horizontal,1,Solar_Cell,
U1,QFN-48-1EP_7x7mm_P0.5mm_EP5.3x5.3mm,1,ESP32-PICO-D4,
U2,VQFN-16-1EP_3x3mm_P0.5mm_EP1.6x1.6mm,1,BQ24075RGT,
U3,SOT-23-5,1,TLV73333PDBV,
U4,HOPERF_RFM9XW_SMD,1,RFM95W-915S2,
U5,MSOP-10_3x3mm_P0.5mm,1,CH340E,
U6,SOIC-8_3.9x4.9mm_P1.27mm,1,TLC555xD,
U7,Texas_PWSON-N6,1,HDC1080,
Y2,Crystal_SMD_MicroCrystal_CM9V-T1A-2Pin_1.6x1.0mm,1,32.768kHz,
