Designator,Footprint,Quantity,Value,LCSC Part #
"ACC_RAIL_JP1, BATTMEASURE_JP1, FREQOUT_JP1, LDO_JP1, TEMP_SCL_JP1, TEMP_SDA_JP1, VBAT_OK1",SolderJumper-2_P1.3mm_Bridged_RoundedPad1.0x1.5mm,7,SolderJumper_2_Bridged,
AE1,PinHeader_1x01_P2.54mm_Vertical,1,T1-915M Antenna,C726086
"BOOT1, EN1",SW_Push_1P1T_XKB_TS-1187A,2,SW_Push,C692460
BT1,JST_PH_S2B-PH-K_1x02_P2.00mm_Horizontal,1,Battery_Cell,C173752
C1,0805,1,.1u,C49678
"C2, C6",0805,2,12pF/50V,C1792
C3,0805,1,.01uF,C128805
C5,0805,1,10u,C15850
C7,0805,1,100nF,C282732
C8,0805,1,10n,C1710
C9,0805,1,100n,C49678
C_FLTR1,0805,1,.1uF,C49678
"C_HVR1, C_STOR1",0805,2,4.7uF,C1779
J1,USB_C_Receptacle_HRO_TYPE-C-31-M-12,1,USB_C_Receptacle,C5329561
LDR1,PinHeader_1x02_P2.54mm_Horizontal,1,R_Photo 50k-100k,C2883679
L_BST1,0805,1,22uH,C6364733
R10,0805,1,360k,C3016830
R4,0805,1,270k,C352236
R5,0805,1,10k,C2930231
R6,0805,1,5.1k,C27834
R7,0805,1,820k,C218704
R8,0805,1,1M,C17514
R_OC+10,0805,1,10M,C843972
R_OC_1,0805,1,5.76M,C422721
R_OC_2,0805,1,4.12M,C422734
R_OK_1,0805,1,3.57M,C3000526
"R_OK_2, R_UV_2",0805,2,6.19M,C422717
R_OK_3,0805,1,.143M,C290129
R_OV_1,0805,1,4.42M,C407395
R_OV_2,0805,1,5.36M,C422723
R_UV_1,0805,1,3.74M,C483106
SC1,PinHeader_1x02_P2.54mm_Horizontal,1,Solar_Cell,C2883679
U1,QFN-48-1EP_7x7mm_P0.5mm_EP5.3x5.3mm,1,ESP32-PICO-D4,C193707
"U10, U3",SOT-23-5,2,TLV73333PDBV,C134139
U2,VQFN-16-1EP_3x3mm_P0.5mm_EP1.68x1.68mm,1,BQ25504,C157471
U4,HOPERF_RFM9XW_SMD,1,RFM95W-915S2,C2844473
U5,MSOP-10_3x3mm_P0.5mm,1,CH340E,C99652
U6,SOIC-8_3.9x4.9mm_P1.27mm,1,TLC555xD,C6987
U7,Texas_PWSON-N6,1,HDC1080,C82227
"U8, U9",SOT-23-6,2,AP2281-1WG-7,C127279
"USB//OFF1, USB//SOLAR1",SW_SPDT_PCM12,2,SW_DPDT_x2,C431541
Y2,Crystal_SMD_MicroCrystal_CM9V-T1A-2Pin_1.6x1.0mm,1,32.768kHz,C398713
